code,categories
ERL,"Announcements,General Discussion, Event Planning, Off Topic"
COA,"Announcements,General Discussion, Event Planning, Off Topic"
DIA,"Announcements,General Discussion, Event Planning, Off Topic"
THO,"Announcements,General Discussion, Event Planning, Off Topic"
FHT,"Announcements,General Discussion, Event Planning, Off Topic"
HAY,"Announcements,General Discussion, Event Planning, Off Topic"
CSC,"Announcements,General Discussion, Event Planning, Off Topic"
BLM,"Announcements,General Discussion, Event Planning, Off Topic"
DOV,"Announcements,General Discussion, Event Planning, Off Topic"
MRT,"Announcements,General Discussion, Event Planning, Off Topic"
WAL,"Announcements,General Discussion, Event Planning, Off Topic"
VAR,"Announcements,General Discussion, Event Planning, Off Topic"
COL,"Announcements,General Discussion, Event Planning, Off Topic"
QLD,"Announcements,General Discussion, Event Planning, Off Topic"
WOO,"Announcements,General Discussion, Event Planning, Off Topic"
OAK,"Announcements,General Discussion, Event Planning, Off Topic"
SOW,"Announcements,General Discussion, Event Planning, Off Topic"
RDL,"Announcements,General Discussion, Event Planning, Off Topic"
APP,"Announcements,General Discussion, Event Planning, Off Topic"
RID,"Announcements,General Discussion, Event Planning, Off Topic"
ARB,"Announcements,General Discussion, Event Planning, Off Topic"
BVD,"Announcements,General Discussion, Event Planning, Off Topic"
CPF,"Announcements,General Discussion, Event Planning, Off Topic"
SIG,"Announcements,General Discussion, Event Planning, Off Topic"
CAM,"Announcements,General Discussion, Event Planning, Off Topic"
BRT,"Announcements,General Discussion, Event Planning, Off Topic"
WBN,"Announcements,General Discussion, Event Planning, Off Topic"
RUN,"Announcements,General Discussion, Event Planning, Off Topic"
ERI,"Announcements,General Discussion, Event Planning, Off Topic"
PIN,"Announcements,General Discussion, Event Planning, Off Topic"
HIW,"Announcements,General Discussion, Event Planning, Off Topic"
MAL,"Announcements,General Discussion, Event Planning, Off Topic"
MAC,"Announcements,General Discussion, Event Planning, Off Topic"
DRG,"Announcements,General Discussion, Event Planning, Off Topic"
MOP,"Announcements,General Discussion, Event Planning, Off Topic"
SOV,"Announcements,General Discussion, Event Planning, Off Topic"
EDG,"Announcements,General Discussion, Event Planning, Off Topic"
RED,"Announcements,General Discussion, Event Planning, Off Topic"
SSD,"Announcements,General Discussion, Event Planning, Off Topic"
CAP,"Announcements,General Discussion, Event Planning, Off Topic"
UMR,"Announcements,General Discussion, Event Planning, Off Topic"
SAD,"Announcements,General Discussion, Event Planning, Off Topic"
BED,"Announcements,General Discussion, Event Planning, Off Topic"
PAT,"Announcements,General Discussion, Event Planning, Off Topic"
SOC,"Announcements,General Discussion, Event Planning, Off Topic"
COR,"Announcements,General Discussion, Event Planning, Off Topic"
EAU,"Announcements,General Discussion, Event Planning, Off Topic"
MCK,"Announcements,General Discussion, Event Planning, Off Topic"
MIS,"Announcements,General Discussion, Event Planning, Off Topic"
GBK,"Announcements,General Discussion, Event Planning, Off Topic"
TUX,"Announcements,General Discussion, Event Planning, Off Topic"
DNE,"Announcements,General Discussion, Event Planning, Off Topic"
LPK,"Announcements,General Discussion, Event Planning, Off Topic"
STR,"Announcements,General Discussion, Event Planning, Off Topic"
CHR,"Announcements,General Discussion, Event Planning, Off Topic"
SHG,"Announcements,General Discussion, Event Planning, Off Topic"
ING,"Announcements,General Discussion, Event Planning, Off Topic"
SOM,"Announcements,General Discussion, Event Planning, Off Topic"
SAN,"Announcements,General Discussion, Event Planning, Off Topic"
SDC,"Announcements,General Discussion, Event Planning, Off Topic"
ASP,"Announcements,General Discussion, Event Planning, Off Topic"
UOC,"Announcements,General Discussion, Event Planning, Off Topic"
WHL,"Announcements,General Discussion, Event Planning, Off Topic"
RCK,"Announcements,General Discussion, Event Planning, Off Topic"
CAN,"Announcements,General Discussion, Event Planning, Off Topic"
FAI,"Announcements,General Discussion, Event Planning, Off Topic"
BEL,"Announcements,General Discussion, Event Planning, Off Topic"
MOR,"Announcements,General Discussion, Event Planning, Off Topic"
DIS,"Announcements,General Discussion, Event Planning, Off Topic"
HPK,"Announcements,General Discussion, Event Planning, Off Topic"
HUN,"Announcements,General Discussion, Event Planning, Off Topic"
GRV,"Announcements,General Discussion, Event Planning, Off Topic"
SGH,"Announcements,General Discussion, Event Planning, Off Topic"
MID,"Announcements,General Discussion, Event Planning, Off Topic"
STA,"Announcements,General Discussion, Event Planning, Off Topic"
EPK,"Announcements,General Discussion, Event Planning, Off Topic"
DRN,"Announcements,General Discussion, Event Planning, Off Topic"
BYV,"Announcements,General Discussion, Event Planning, Off Topic"
WLD,"Announcements,General Discussion, Event Planning, Off Topic"
MLR,"Announcements,General Discussion, Event Planning, Off Topic"
SET,"Announcements,General Discussion, Event Planning, Off Topic"
CRA,"Announcements,General Discussion, Event Planning, Off Topic"
REN,"Announcements,General Discussion, Event Planning, Off Topic"
ACA,"Announcements,General Discussion, Event Planning, Off Topic"
COU,"Announcements,General Discussion, Event Planning, Off Topic"
BDO,"Announcements,General Discussion, Event Planning, Off Topic"
WGT,"Announcements,General Discussion, Event Planning, Off Topic"
LEG,"Announcements,General Discussion, Event Planning, Off Topic"
CAR,"Announcements,General Discussion, Event Planning, Off Topic"
KSH,"Announcements,General Discussion, Event Planning, Off Topic"
RSN,"Announcements,General Discussion, Event Planning, Off Topic"
WSP,"Announcements,General Discussion, Event Planning, Off Topic"
PUM,"Announcements,General Discussion, Event Planning, Off Topic"
GDL,"Announcements,General Discussion, Event Planning, Off Topic"
CRE,"Announcements,General Discussion, Event Planning, Off Topic"
LKB,"Announcements,General Discussion, Event Planning, Off Topic"
DDG,"Announcements,General Discussion, Event Planning, Off Topic"
VAL,"Announcements,General Discussion, Event Planning, Off Topic"
UND,"Announcements,General Discussion, Event Planning, Off Topic"
SCE,"Announcements,General Discussion, Event Planning, Off Topic"
HAW,"Announcements,General Discussion, Event Planning, Off Topic"
SIL,"Announcements,General Discussion, Event Planning, Off Topic"
SKR,"Announcements,General Discussion, Event Planning, Off Topic"
CNS,"Announcements,General Discussion, Event Planning, Off Topic"
PCK,"Announcements,General Discussion, Event Planning, Off Topic"
MAH,"Announcements,General Discussion, Event Planning, Off Topic"
RAN,"Announcements,General Discussion, Event Planning, Off Topic"
LIV,"Announcements,General Discussion, Event Planning, Off Topic"
HAM,"Announcements,General Discussion, Event Planning, Off Topic"
CIT,"Announcements,General Discussion, Event Planning, Off Topic"
ROX,"Announcements,General Discussion, Event Planning, Off Topic"
SHN,"Announcements,General Discussion, Event Planning, Off Topic"
RIC,"Announcements,General Discussion, Event Planning, Off Topic"
UNI,"Announcements,General Discussion, Event Planning, Off Topic"
FAL,"Announcements,General Discussion, Event Planning, Off Topic"
CHK,"Announcements,General Discussion, Event Planning, Off Topic"
WWO,"Announcements,General Discussion, Event Planning, Off Topic"
YKV,"Announcements,General Discussion, Event Planning, Off Topic"
FLN,"Announcements,General Discussion, Event Planning, Off Topic"
WIL,"Announcements,General Discussion, Event Planning, Off Topic"
ABB,"Announcements,General Discussion, Event Planning, Off Topic"
MON,"Announcements,General Discussion, Event Planning, Off Topic"
HAR,"Announcements,General Discussion, Event Planning, Off Topic"
OGD,"Announcements,General Discussion, Event Planning, Off Topic"
PEN,"Announcements,General Discussion, Event Planning, Off Topic"
SHS,"Announcements,General Discussion, Event Planning, Off Topic"
BNF,"Announcements,General Discussion, Event Planning, Off Topic"
SPH,"Announcements,General Discussion, Event Planning, Off Topic"
PKH,"Announcements,General Discussion, Event Planning, Off Topic"
NHV,"Announcements,General Discussion, Event Planning, Off Topic"
LKV,"Announcements,General Discussion, Event Planning, Off Topic"
VIS,"Announcements,General Discussion, Event Planning, Off Topic"
GLA,"Announcements,General Discussion, Event Planning, Off Topic"
EYA,"Announcements,General Discussion, Event Planning, Off Topic"
CLI,"Announcements,General Discussion, Event Planning, Off Topic"
RIV,"Announcements,General Discussion, Event Planning, Off Topic"
CHN,"Announcements,General Discussion, Event Planning, Off Topic"
TEM,"Announcements,General Discussion, Event Planning, Off Topic"
BRA,"Announcements,General Discussion, Event Planning, Off Topic"
WND,"Announcements,General Discussion, Event Planning, Off Topic"
BOW,"Announcements,General Discussion, Event Planning, Off Topic"
WHI,"Announcements,General Discussion, Event Planning, Off Topic"
PKD,"Announcements,General Discussion, Event Planning, Off Topic"
RMT,"Announcements,General Discussion, Event Planning, Off Topic"
MPL,"Announcements,General Discussion, Event Planning, Off Topic"
BRE,"Announcements,General Discussion, Event Planning, Off Topic"
SCA,"Announcements,General Discussion, Event Planning, Off Topic"
POI,"Announcements,General Discussion, Event Planning, Off Topic"
RUT,"Announcements,General Discussion, Event Planning, Off Topic"
RAM,"Announcements,General Discussion, Event Planning, Off Topic"
MRL,"Announcements,General Discussion, Event Planning, Off Topic"
MAN,"Announcements,General Discussion, Event Planning, Off Topic"
GAG,"Announcements,General Discussion, Event Planning, Off Topic"
SPR,"Announcements,General Discussion, Event Planning, Off Topic"
PKL,"Announcements,General Discussion, Event Planning, Off Topic"
CAS,"Announcements,General Discussion, Event Planning, Off Topic"
DAL,"Announcements,General Discussion, Event Planning, Off Topic"
PAL,"Announcements,General Discussion, Event Planning, Off Topic"
NGM,"Announcements,General Discussion, Event Planning, Off Topic"
ALT,"Announcements,General Discussion, Event Planning, Off Topic"
CHW,"Announcements,General Discussion, Event Planning, Off Topic"
CED,"Announcements,General Discussion, Event Planning, Off Topic"
SVO,"Announcements,General Discussion, Event Planning, Off Topic"
CRM,"Announcements,General Discussion, Event Planning, Off Topic"
KCA,"Announcements,General Discussion, Event Planning, Off Topic"
DNW,"Announcements,General Discussion, Event Planning, Off Topic"
LMR,"Announcements,General Discussion, Event Planning, Off Topic"
BNK,"Announcements,General Discussion, Event Planning, Off Topic"
BLN,"Announcements,General Discussion, Event Planning, Off Topic"
HIL,"Announcements,General Discussion, Event Planning, Off Topic"
SNA,"Announcements,General Discussion, Event Planning, Off Topic"
NOL,"Announcements,General Discussion, Event Planning, Off Topic"
COV,"Announcements,General Discussion, Event Planning, Off Topic"
MDH,"Announcements,General Discussion, Event Planning, Off Topic"
ROY,"Announcements,General Discussion, Event Planning, Off Topic"
TAR,"Announcements,General Discussion, Event Planning, Off Topic"
CHV,"Announcements,General Discussion, Event Planning, Off Topic"
EVN,"Announcements,General Discussion, Event Planning, Off Topic"
CGR,"Announcements,General Discussion, Event Planning, Off Topic"
ROC,"Announcements,General Discussion, Event Planning, Off Topic"
TUS,"Announcements,General Discussion, Event Planning, Off Topic"
CHA,"Announcements,General Discussion, Event Planning, Off Topic"
NEB,"Announcements,General Discussion, Event Planning, Off Topic"
PAN,"Announcements,General Discussion, Event Planning, Off Topic"
SHW,"Announcements,General Discussion, Event Planning, Off Topic"
BRI,"Announcements,General Discussion, Event Planning, Off Topic"
EVE,"Announcements,General Discussion, Event Planning, Off Topic"
AUB,"Announcements,General Discussion, Event Planning, Off Topic"
MAF,"Announcements,General Discussion, Event Planning, Off Topic"
EAG,"Announcements,General Discussion, Event Planning, Off Topic"
MEA,"Announcements,General Discussion, Event Planning, Off Topic"
KEL,"Announcements,General Discussion, Event Planning, Off Topic"
KIN,"Announcements,General Discussion, Event Planning, Off Topic"